<?xml version="1.0" encoding="UTF-8"?>
<project xmlns="http://maven.apache.org/POM/4.0.0" xmlns:xsi="http://www.w3.org/2001/XMLSchema-instance"
	xsi:schemaLocation="http://maven.apache.org/POM/4.0.0 https://maven.apache.org/xsd/maven-4.0.0.xsd">
	<modelVersion>4.0.0</modelVersion>
	<parent>
		<groupId>org.springframework.boot</groupId>
		<artifactId>spring-boot-starter-parent</artifactId>
		<version>2.6.7</version>
		<relativePath/> <!-- lookup parent from repository -->
	</parent>
	<groupId>com.example</groupId>
	<artifactId>latihan2</artifactId>
	<version>0.0.1-SNAPSHOT</version>
	<name>latihan2</name>
	<description>Demo project for Spring Boot</description>
	<properties>
		<java.version>11</java.version>
		<repackage.classifier/>
		<spring-native.version>0.11.4</spring-native.version>
	</properties>
	<dependencies>
		<dependency>
			<groupId>org.springframework.boot</groupId>
			<artifactId>spring-boot-starter-thymeleaf</artifactId>
		</dependency>
		<dependency>
			<groupId>org.springframework.boot</groupId>
			<artifactId>spring-boot-starter-web</artifactId>
		</dependency>
		<dependency>
			<groupId>org.springframework.experimental</groupId>
			<artifactId>spring-native</artifactId>
			<version>${spring-native.version}</version>
		</dependency>

		<dependency>
			<groupId>org.springframework.boot</groupId>
			<artifactId>spring-boot-devtools</artifactId>
			<scope>runtime</scope>
			<optional>true</optional>
		</dependency>
		<dependency>
			<groupId>org.springframework.boot</groupId>
			<artifactId>spring-boot-configuration-processor</artifactId>
			<optional>true</optional>
		</dependency>
		<dependency>
			<groupId>org.springframework.boot</groupId>
			<artifactId>spring-boot-starter-test</artifactId>
			<scope>test</scope>
		</dependency>
	</dependencies>

	<build>
		<plugins>
			<plugin>
				<groupId>org.springframework.boot</groupId>
				<artifactId>spring-boot-maven-plugin</artifactId>
				<configuration>
					<classifier>${repackage.classifier}</classifier>
					<image>
						<builder>paketobuildpacks/builder:tiny</builder>
						<env>
							<BP_NATIVE_IMAGE>true</BP_NATIVE_IMAGE>
						</env>
					</image>
				</configuration>
			</plugin>
			<plugin>
				<groupId>org.springframework.experimental</groupId>
				<artifactId>spring-aot-maven-plugin</artifactId>
				<version>${spring-native.version}</version>
				<executions>
					<execution>
						<id>test-generate</id>
						<goals>
							<goal>test-generate</goal>
						</goals>
					</execution>
					<execution>
						<id>generate</id>
						<goals>
							<goal>generate</goal>
						</goals>
					</execution>
				</executions>
			</plugin>
		</plugins>
	</build>
	<repositories>
		<repository>
			<id>spring-releases</id>
			<name>Spring Releases</name>
			<url>https://repo.spring.io/release</url>
			<snapshots>
				<enabled>false</enabled>
			</snapshots>
		</repository>
	</repositories>
	<pluginRepositories>
		<pluginRepository>
			<id>spring-releases</id>
			<name>Spring Releases</name>
			<url>https://repo.spring.io/release</url>
			<snapshots>
				<enabled>false</enabled>
			</snapshots>
		</pluginRepository>
	</pluginRepositories>

	<profiles>
		<profile>
			<id>native</id>
			<properties>
				<repackage.classifier>exec</repackage.classifier>
				<native-buildtools.version>0.9.11</native-buildtools.version>
			</properties>
			<dependencies>
				<dependency>
					<groupId>org.junit.platform</groupId>
					<artifactId>junit-platform-launcher</artifactId>
					<scope>test</scope>
				</dependency>
			</dependencies>
			<build>
				<plugins>
					<plugin>
						<groupId>org.graalvm.buildtools</groupId>
						<artifactId>native-maven-plugin</artifactId>
						<version>${native-buildtools.version}</version>
						<extensions>true</extensions>
						<executions>
							<execution>
								<id>test-native</id>
								<phase>test</phase>
								<goals>
									<goal>test</goal>
								</goals>
							</execution>
							<execution>
								<id>build-native</id>
								<phase>package</phase>
								<goals>
									<goal>build</goal>
								</goals>
							</execution>
						</executions>
					</plugin>
				</plugins>
			</build>
		</profile>
	</profiles>

</project>
